{
    "bond": {
        "nca_r0": 0.49334393879537625,
        "cac_r0": 0.5413428711729761,
        "co_r0": 0.34304586091313555,
        "cn_r0": -0.0072591825633092025,
        "nca_p1": 0.438252830300003,
        "cac_p1": 0.5206515915300485
    },
    "angle": {
        "ncac_r0": 0.3350349774366113,
        "caco_r0": -0.16146227524759207,
        "cacn_r0": 0.6243718394683777,
        "cnca_r0": 0.691728033701085,
        "ocn_r0": -0.21050835323418352,
        "ncac_p1": 0.1113213976666739
    },
    "caca": {
        "caca_r0": 0.8963538741914794
    }
}