{"KNN": {"mean": {"acc": 0.7087412924143687, "AUC": 0.7825093722372707, "F1": 0.4144089896803296, "recall": 0.5393688453987162, "balanced_accuracy": 0.5393688453987162}, "std": {"acc": 0.015072281174708853, "AUC": 0.011543447679328448, "F1": 0.007256135061500113, "recall": 0.014684175669702633, "balanced_accuracy": 0.014684175669702633}, "scores": {"acc": [0.7107690496827281, 0.7240270510309995, 0.7212021015911741, 0.7060929023145324, 0.6816153574524092], "AUC": [0.768492350270351, 0.7907113034375822, 0.7706421366386683, 0.7840929970012535, 0.7986080738384986], "F1": [0.41417281151575036, 0.421199419841136, 0.4238419001243319, 0.406813703181329, 0.4060171137391009], "recall": [0.5366084690947773, 0.5264891350363684, 0.5517878315924817, 0.5216765526199163, 0.5602822386500373], "balanced_accuracy": [0.5366084690947773, 0.5264891350363684, 0.5517878315924817, 0.5216765526199163, 0.5602822386500373]}}, "RFC": {"mean": {"acc": 0.7972242731640504, "AUC": 0.9050575473746765, "F1": 0.5028604765080398, "recall": 0.6543811840292342, "balanced_accuracy": 0.6543811840292342}, "std": {"acc": 0.010448447717714542, "AUC": 0.005828875874204075, "F1": 0.01580567865569445, "recall": 0.008006794404546992, "balanced_accuracy": 0.008006794404546992}, "scores": {"acc": [0.78959476956331, 0.8001080757172053, 0.8145698907472205, 0.7979626122221867, 0.7838860175703295], "AUC": [0.902724864839425, 0.9049069965603486, 0.9114931263191296, 0.9106704358573152, 0.8954923132971642], "F1": [0.4919159189945952, 0.5011216766908378, 0.5294085577252025, 0.5086830101803533, 0.48317321894921034], "recall": [0.6630643866695833, 0.6456120932710402, 0.6455089847737144, 0.6638306018487435, 0.6538898535830892], "balanced_accuracy": [0.6630643866695833, 0.6456120932710402, 0.6455089847737144, 0.6638306018487435, 0.6538898535830892]}}, "XGB": {"mean": {"acc": 0.8370357291900742, "AUC": 0.9282615726839639, "F1": 0.5445458093144979, "recall": 0.6862385294053018, "balanced_accuracy": 0.6862385294053018}, "std": {"acc": 0.0027833342736000885, "AUC": 0.0019433390033182269, "F1": 0.004016032573554548, "recall": 0.00342805741176408, "balanced_accuracy": 0.00342805741176408}, "scores": {"acc": [0.8390367350432838, 0.8371159834355236, 0.8396734187238505, 0.8317924518207013, 0.8375600569270114], "AUC": [0.9297101101443114, 0.9304262205381302, 0.9292791710907987, 0.9255330913366363, 0.926359270309943], "F1": [0.5479233476259365, 0.5395373297547618, 0.5496682020366107, 0.5403694528243528, 0.5452307143308278], "recall": [0.6847665360386741, 0.6925364194391582, 0.6871006145904609, 0.6833315103155883, 0.6834575666426278], "balanced_accuracy": [0.6847665360386741, 0.6925364194391582, 0.6871006145904609, 0.6833315103155883, 0.6834575666426278]}}, "SVM": {"mean": {"acc": 0.7799006587363907, "AUC": 0.8486514143693518, "F1": 0.5322513521842296, "recall": 0.6587649891143741, "balanced_accuracy": 0.6587572486965122}, "std": {"acc": 0.0008186625976802254, "AUC": 0.0039358291191162655, "F1": 0.004383191238142994, "recall": 0.0021873424047826775, "balanced_accuracy": 0.010879552733387083}, "scores": {"acc": [0.7796108585721807, 0.781310833491941, 0.7787928269919798, 0.7797345507832993, 0.780054223842553], "AUC": [0.8529158726304625, 0.846494552807255, 0.8538665601555945, 0.8444391012554009, 0.8455409849980456], "F1": [0.5281597773708707, 0.5385807422922949, 0.530223953417635, 0.5279552502063676, 0.5363370376339798], "recall": [0.6580398894830528, 0.6549399436051772, 0.6603995000663397, 0.6592627270600356, 0.6611828853572649], "balanced_accuracy": [0.6583790014558712, 0.6717523001606645, 0.6638866395747306, 0.6389517558503368, 0.6608165464409579]}}}