{"KNN": {"mean": {"acc": 0.8593889154577822, "AUC": 0.8257207711158363, "F1": 0.9238325368705602, "recall": 0.860701480740169, "balanced_accuracy": 0.7690804252788739}, "std": {"acc": 0.007819812380807279, "AUC": 0.00989586091275367, "F1": 0.004544148843704121, "recall": 0.007994847571198673, "balanced_accuracy": 0.009099299583758824}, "scores": {"acc": [0.8622243477336735, 0.8563898188001489, 0.8473882778043466, 0.8714171847600829, 0.8595249481906585], "AUC": [0.8310069793244956, 0.8265216661159419, 0.8409788465620427, 0.8155159925235258, 0.8145803710531755], "F1": [0.9254874306300971, 0.9222060763218355, 0.9168050752799441, 0.9307949963934512, 0.9238691057274739], "recall": [0.8634994973225385, 0.8575588751917946, 0.8484063540447675, 0.8729724613871583, 0.8610702157545859], "balanced_accuracy": [0.7744860670692294, 0.7759049212885452, 0.77731539371669, 0.7643690388748947, 0.7533267054450098]}}, "RFC": {"mean": {"acc": 0.9653307827195918, "AUC": 0.9201424272488407, "F1": 0.982252723021025, "recall": 0.968405463667754, "balanced_accuracy": 0.7538002995508477}, "std": {"acc": 0.00360334314735651, "AUC": 0.0052067273691896974, "F1": 0.0018886678710604934, "recall": 0.003655171214938223, "balanced_accuracy": 0.0038555243658550662}, "scores": {"acc": [0.9657261278495138, 0.9661512301397523, 0.9589457463202082, 0.9656836176204899, 0.9701471916679951], "AUC": [0.9241312145214776, 0.917790906950603, 0.9120631108836503, 0.9196161445935879, 0.9271107592948843], "F1": [0.9824829237328558, 0.9826953823630815, 0.9789036958479951, 0.9824098167955937, 0.9847717963655989], "recall": [0.9687114539709972, 0.9692683434879967, 0.961925327147098, 0.968840033302919, 0.9732821604297597], "balanced_accuracy": [0.7603369320711814, 0.7516877925289625, 0.7539643219483417, 0.7486267607089498, 0.7543856904968035]}}, "XGB": {"mean": {"acc": 0.9433848769860248, "AUC": 0.8737142544589036, "F1": 0.9706008958108434, "recall": 0.9453013494235952, "balanced_accuracy": 0.8115450915166621}, "std": {"acc": 0.004889870174927803, "AUC": 0.03604339296585133, "F1": 0.0026123444614526833, "recall": 0.004938439144814484, "balanced_accuracy": 0.014506610992607688}, "scores": {"acc": [0.9374780806631595, 0.9458632233381158, 0.9375205908921835, 0.9473404537966947, 0.9487220362399702], "AUC": [0.837192827527382, 0.8676955701775994, 0.8879853217962627, 0.9354006371020681, 0.8402969156912059], "F1": [0.96739485297998, 0.9719278158585738, 0.9675110350908668, 0.9727774487015279, 0.9733933264232689], "recall": [0.9396493683633842, 0.9476990422575039, 0.9391141224209386, 0.9491871812291889, 0.9508570328469602], "balanced_accuracy": [0.788044695237524, 0.8195653862476021, 0.8278378793420338, 0.82035367906125, 0.8019238176949008]}}, "SVM": {"mean": {"acc": 0.940937493557849, "AUC": 0.9089009226020559, "F1": 0.9798617136950638, "recall": 0.9283707583207637, "balanced_accuracy": 0.7892746394473785}, "std": {"acc": 0.0021112502768447935, "AUC": 0.0013287176221205923, "F1": 0.0006532642963853972, "recall": 0.004733917506284414, "balanced_accuracy": 0.002306490971686474}, "scores": {"acc": [0.9418687685950017, 0.9425829078925145, 0.941011324284729, 0.9423685124998943, 0.9368559545171052], "AUC": [0.9103507798000589, 0.9070021820902162, 0.9077010083399366, 0.9101260021925999, 0.9093246405874685], "F1": [0.9802994520268172, 0.980157130988985, 0.9799182862182894, 0.9785893961303765, 0.9803443031108509], "recall": [0.9210913589668612, 0.9291383184429639, 0.9357775769346018, 0.9266564586081811, 0.9291900786512101], "balanced_accuracy": [0.7866828630884127, 0.7925400948577138, 0.7907903697294071, 0.7866758063988366, 0.7896840631625222]}}}