{"KNN": {"mean": {"acc": 0.8128481674769663, "AUC": 0.8873259876305157, "F1": 0.8105475593996868, "recall": 0.802791651263236, "balanced_accuracy": 0.8128447211763579}, "std": {"acc": 0.004867141791270874, "AUC": 0.01795408561350043, "F1": 0.004299446909360686, "recall": 0.014673570857570954, "balanced_accuracy": 0.0048645708108698785}, "scores": {"acc": [0.80369270117603, 0.8150941813935215, 0.8139547144337277, 0.8133499428674394, 0.8181492975141126], "AUC": [0.8515194339836212, 0.897592851239765, 0.8953992456304535, 0.8942546871146474, 0.8978637201840913], "F1": [0.8029378188256701, 0.8131789486640768, 0.8096206318286896, 0.8156564112039169, 0.8113439864760803], "recall": [0.8005589782537073, 0.8092072648393829, 0.7923911870435079, 0.8271480603249618, 0.7846527658546202], "balanced_accuracy": [0.8036918012624904, 0.8150919460528947, 0.8139471044593375, 0.8133547436459274, 0.8181380104611391]}}, "RFC": {"mean": {"acc": 0.8712668386557187, "AUC": 0.9468883875226961, "F1": 0.8702158197980072, "recall": 0.8634653848033349, "balanced_accuracy": 0.8712641680394702}, "std": {"acc": 0.0007042371582681438, "AUC": 0.0005042388118807027, "F1": 0.0007271014886609707, "recall": 0.0008746475140894724, "balanced_accuracy": 0.0007042846538519403}, "scores": {"acc": [0.8714808624574722, 0.8718660650022562, 0.8698918363551575, 0.8716627308317875, 0.8714326986319195], "AUC": [0.946959041764012, 0.9474669878792733, 0.9459687952457871, 0.9471805950779538, 0.9468665176464546], "F1": [0.8703788783349455, 0.8708687447428181, 0.8688090158088618, 0.8706469722783426, 0.8703754878250681], "recall": [0.863296271146669, 0.8644094904725593, 0.8619047474189694, 0.8641418428673049, 0.8635745721111714], "balanced_accuracy": [0.8714780548117149, 0.8718635140227159, 0.8698891015267817, 0.8716601603489865, 0.8714300094871522]}}, "XGB": {"mean": {"acc": 0.8922388574059804, "AUC": 0.9360122402221247, "F1": 0.8917889362846845, "recall": 0.8883526861148334, "balanced_accuracy": 0.8922375293439867}, "std": {"acc": 0.002059161806668172, "AUC": 0.011493903843846052, "F1": 0.002106257466254933, "recall": 0.0024249295920628217, "balanced_accuracy": 0.0020592805328142187}, "scores": {"acc": [0.8911698371704884, 0.8943800658133562, 0.8911484850158591, 0.8949204092192353, 0.8895754898109633], "AUC": [0.9460669371946768, 0.92155554886298, 0.944436751613099, 0.9223520856801251, 0.9456498777597429], "F1": [0.8906430063068015, 0.893971387847672, 0.8906876252560222, 0.8945499173999941, 0.8890927446129323], "recall": [0.8866527621881598, 0.8908275355994695, 0.8870917618242062, 0.8916517261266301, 0.8855396448357016], "balanced_accuracy": [0.8911682808640965, 0.8943788424106348, 0.8911471003590732, 0.8949193005131735, 0.8895741225729561]}}, "SVM": {"mean": {"acc": 0.8809316715487301, "AUC": 0.919789255845233, "F1": 0.8818462802585476, "recall": 0.8570916254053584, "balanced_accuracy": 0.8740828543285384}, "std": {"acc": 0.00035110790909761736, "AUC": 0.00542813851662108, "F1": 0.006653516629552669, "recall": 0.004340347023198665, "balanced_accuracy": 0.011308759019178237}, "scores": {"acc": [0.8807682100648592, 0.8807779757158679, 0.8814864886157671, 0.8804737408795114, 0.8811519424676445], "AUC": [0.91350679868538, 0.9217514734050021, 0.9187391375181065, 0.9291257787492282, 0.9158230908684477], "F1": [0.8725188704329436, 0.8836900595189268, 0.8796876166012744, 0.8803507995526358, 0.892984055186957], "recall": [0.8531247642782718, 0.8507020004795796, 0.8616541149257814, 0.8601074912076799, 0.859869756135479], "balanced_accuracy": [0.8544992656315388, 0.870951090679812, 0.8749848639417558, 0.8869118525451506, 0.8830671988444346]}}}