{"KNN": {"mean": {"acc": 0.8133136518961667, "AUC": 0.8912047229786302, "F1": 0.8163344055087727, "recall": 0.8228053193176231, "balanced_accuracy": 0.8132230450348115}, "std": {"acc": 0.0015615198860267265, "AUC": 0.0073136952089076545, "F1": 0.002291800056561595, "recall": 0.011034737799521556, "balanced_accuracy": 0.001589061500185368}, "scores": {"acc": [0.8117698841077043, 0.8162743267215277, 0.8133365715010312, 0.8125397400632126, 0.8126477370873578], "AUC": [0.8930421005603556, 0.896452743712905, 0.8956495094769469, 0.8767705965394408, 0.8941086646035021], "F1": [0.8147092178360197, 0.8174347264600804, 0.8201217866977218, 0.8158743740715655, 0.8135319224784764], "recall": [0.8194601480041719, 0.8159946125941488, 0.8434913180616647, 0.8233668801650588, 0.8117136377630718], "balanced_accuracy": [0.8116966322403718, 0.8162767591830491, 0.8130489204033969, 0.8124355217142611, 0.8126573916329785]}}, "RFC": {"mean": {"acc": 0.8739819241007897, "AUC": 0.9485909808010764, "F1": 0.8738217177645697, "recall": 0.8645249248262601, "balanced_accuracy": 0.8740722123551619}, "std": {"acc": 0.0008135681257131943, "AUC": 0.0006684734988438023, "F1": 0.0007870653742374019, "recall": 0.0007268688235373155, "balanced_accuracy": 0.0008156843922168196}, "scores": {"acc": [0.8734889240263671, 0.8730634739894516, 0.8749071269992775, 0.8750151892443879, 0.8734349062444637], "AUC": [0.9484689245200002, 0.9474958752941237, 0.9493835455415697, 0.949191757182587, 0.948414801467101], "F1": [0.8732534982741382, 0.8729970136316597, 0.8747491306306246, 0.8748047745705652, 0.8733041717158609], "recall": [0.8634411312800367, 0.8643777669234612, 0.8654749376796319, 0.8651671111086128, 0.8641636771395582], "balanced_accuracy": [0.8735848858270543, 0.8731464018925752, 0.8749972220346807, 0.8751091555532204, 0.8735233964682791]}}, "XGB": {"mean": {"acc": 0.8958426153807615, "AUC": 0.9364261378938273, "F1": 0.8962722305874948, "recall": 0.8915262916573357, "balanced_accuracy": 0.8958838205348052}, "std": {"acc": 0.002031431370862692, "AUC": 0.008526722065307532, "F1": 0.0019640793680812145, "recall": 0.0015376696274888148, "balanced_accuracy": 0.0020369849408856913}, "scores": {"acc": [0.8964639112960215, 0.8945189963528823, 0.8985169532491449, 0.8926887649510652, 0.8970244510546932], "AUC": [0.9503476059115853, 0.9356308762343201, 0.9383020405683654, 0.9340745777437899, 0.9237755890110757], "F1": [0.8968015277795305, 0.894932466141779, 0.8988722513343428, 0.8932737005525457, 0.8974812071292767], "recall": [0.8913255370116145, 0.890041126313778, 0.8936003179479635, 0.8897199074943938, 0.8929445695189276], "balanced_accuracy": [0.8965129984882468, 0.8945617584765507, 0.8985639269305905, 0.8927170401880826, 0.8970633785905552]}}, "SVM": {"mean": {"acc": 0.889859680801365, "AUC": 0.9400514264110397, "F1": 0.8899125019127334, "recall": 0.859897071528642, "balanced_accuracy": 0.8796299438098416}, "std": {"acc": 0.00035024465665998744, "AUC": 6.028261100817422e-05, "F1": 0.0002695311362741174, "recall": 0.0006971192853744999, "balanced_accuracy": 0.0012379882068873592}, "scores": {"acc": [0.8899265451876457, 0.8902638402549068, 0.8901767123186871, 0.889597023366031, 0.8893342828795546], "AUC": [0.9399393459749071, 0.9400873505632666, 0.9401140086615632, 0.9400706378351855, 0.9400457890202761], "F1": [0.8896975241627177, 0.8900793317652991, 0.8898332944644923, 0.8903468573583831, 0.8896055018127745], "recall": [0.8596174616161956, 0.8588905617859223, 0.8610208793868569, 0.8598014277339939, 0.8601550271202406], "balanced_accuracy": [0.879327833170573, 0.8811295333040492, 0.880829961643226, 0.879141475877476, 0.8777209150538838]}}}