{"KNN": {"mean": {"acc": 0.8850549915397631, "AUC": 0.8292444817814794, "F1": 0.9383386014853929, "recall": 0.8873485174065499, "balanced_accuracy": 0.7921219749100915}, "std": {"acc": 0.007865303235166389, "AUC": 0.02687310405098944, "F1": 0.004473165495758371, "recall": 0.007979784456923517, "balanced_accuracy": 0.011540078476839405}, "scores": {"acc": [0.8776120981387479, 0.8855541455160745, 0.8969225888324873, 0.8896890862944163, 0.8754970389170896], "AUC": [0.8342266983470299, 0.7903203741270113, 0.8684228619185479, 0.8427856631310776, 0.8104668113837302], "F1": [0.9341181405831342, 0.9386540128082064, 0.9451608769781163, 0.9408382537307709, 0.9329217233267368], "recall": [0.8793846522078651, 0.8882047330911294, 0.8991875948517624, 0.8921546785725806, 0.8778109283094118], "balanced_accuracy": [0.8058006034051151, 0.7781370678362363, 0.8051467767905927, 0.789803670532909, 0.7817217559856047]}}, "RFC": {"mean": {"acc": 0.935067681895093, "AUC": 0.9494799990729327, "F1": 0.9660862737063696, "recall": 0.9368086055494057, "balanced_accuracy": 0.8645357657934832}, "std": {"acc": 0.004154656865276968, "AUC": 0.0015165913990542986, "F1": 0.00224456772377073, "recall": 0.004290667704562323, "balanced_accuracy": 0.0027765889691159116}, "scores": {"acc": [0.9425655668358714, 0.9312817258883248, 0.9319268189509305, 0.9330901015228426, 0.9364741962774957], "AUC": [0.9503870138144789, 0.9489268059766651, 0.9475852761332717, 0.948577968689186, 0.9519229307510619], "F1": [0.970136140866112, 0.964038890250934, 0.9643818315084269, 0.9650295964289641, 0.9668449094774104], "recall": [0.9445948145822237, 0.9328844250878247, 0.933623053603595, 0.9347898387714103, 0.9381508957019744], "balanced_accuracy": [0.8603683555869617, 0.8663456053872542, 0.8632061477153148, 0.8642184760747845, 0.868540244203101]}}, "XGB": {"mean": {"acc": 0.9401670896785109, "AUC": 0.9117498023220284, "F1": 0.968815119490832, "recall": 0.9419423586580915, "balanced_accuracy": 0.8682522675120584}, "std": {"acc": 0.004200879277362031, "AUC": 0.02850354021668107, "F1": 0.00225405713111666, "recall": 0.004129650073841364, "balanced_accuracy": 0.007905501720885283}, "scores": {"acc": [0.9335236886632826, 0.9396679357021996, 0.9428616751269037, 0.9460448392554991, 0.93873730964467], "AUC": [0.8727462304688582, 0.9013176431495461, 0.9521208373962979, 0.9357917073506228, 0.8967725932448168], "F1": [0.9652599160527343, 0.9685502625646756, 0.9702318403027441, 0.9719915207314387, 0.9680420578025677], "recall": [0.935496223058748, 0.9414692349305753, 0.9445947825006945, 0.9477741032969099, 0.9403774495035296], "balanced_accuracy": [0.8536125523671514, 0.8667003026032427, 0.8726432448711835, 0.8760027483792687, 0.8723024893394455]}}}